name,version,latestVersion,repository,published,publisher,size,license,isProd,isDev,isOptional,isPeer,isBundled,parents
"react","0.0.0","-","-","-","-","-","-",false,false,false,false,false,""
"@mapbox/node-pre-gyp","1.0.9","1.0.10","git://github.com/mapbox/node-pre-gyp.git","2022-03-29T10:52:02.980Z","mapbox-npm-09 (accounts+npmjs-09@mapbox.com)",166447,"BSD-3-Clause",true,false,false,false,false,"bcrypt@5.0.1"
"lru-cache","6.0.0","7.18.3","git://github.com/isaacs/node-lru-cache.git","2020-07-11T00:59:07.352Z","isaacs (i@izs.me)",15643,"ISC",true,false,false,false,false,"semver@7.3.7"
"semver","7.3.7","7.3.8","git+https://github.com/npm/node-semver.git","2022-04-12T17:26:24.970Z","lukekarrys (luke@lukekarrys.com)",87418,"ISC",true,false,false,false,false,"@mapbox/node-pre-gyp@1.0.9"
"@types/bson","4.0.5","4.2.0","https://github.com/DefinitelyTyped/DefinitelyTyped.git","2021-07-29T13:31:59.329Z","types (ts-npm-types@microsoft.com)",26478,"MIT",true,false,false,false,false,"@types/mongodb@3.6.20,mongoose@5.13.14"
"@types/mongodb","3.6.20","4.0.7","https://github.com/DefinitelyTyped/DefinitelyTyped.git","2021-07-07T00:05:25.006Z","types (ts-npm-types@microsoft.com)",214983,"MIT",true,false,false,false,false,"mongoose@5.13.14"
"@types/node","18.0.0","18.14.6","https://github.com/DefinitelyTyped/DefinitelyTyped.git","2022-06-15T23:01:41.709Z","types (ts-npm-types@microsoft.com)",1701852,"MIT",true,false,false,false,false,"@types/bson@4.0.5,@types/mongodb@3.6.20"
"abbrev","1.1.1","2.0.0","git+ssh://git@github.com/isaacs/abbrev-js.git","2017-09-28T02:47:13.220Z","isaacs (i@izs.me)","-","ISC",true,true,false,false,false,"nopt@1.0.10"
"accepts","1.3.7","1.3.8","git+https://github.com/jshttp/accepts.git","2019-04-30T03:41:03.144Z","dougwilson (doug@somethingdoug.com)",16646,"MIT",true,false,false,false,false,"express@4.16.4"
"acorn","2.7.0","8.8.2","git+https://github.com/ternjs/acorn.git","2016-01-04T10:31:25.525Z","marijn (marijnh@gmail.com)","-","MIT",true,false,false,false,false,"acorn-globals@1.0.9,constantinople@3.0.2"
"acorn-globals","1.0.9","7.0.1","https://github.com/ForbesLindesay/acorn-globals.git","2015-11-02T13:23:33.643Z","forbeslindesay (forbes@lindesay.co.uk)","-","MIT",true,false,false,false,false,"with@4.0.3"
"agent-base","6.0.2","6.0.2","git://github.com/TooTallNate/node-agent-base.git","2020-10-23T19:33:15.354Z","tootallnate (nathan@tootallnate.net)",34582,"MIT",true,false,false,false,false,"https-proxy-agent@5.0.1"
"debug","4.3.4","4.3.4","git://github.com/debug-js/debug.git","2022-03-17T13:38:47.641Z","qix (josh@junon.me)",42352,"MIT",true,false,false,false,false,"agent-base@6.0.2,https-proxy-agent@5.0.1"
"ms","2.1.2","2.1.3","git+https://github.com/zeit/ms.git","2019-06-06T17:31:55.859Z","styfle (steven@ceriously.com)",6842,"MIT",true,false,false,false,false,"debug@4.3.4,jsonwebtoken@8.5.1,mongoose@5.13.14"
"ajv","6.12.6","-","-","-","-","-","-",false,true,false,false,false,"har-validator@5.1.5"
"amdefine","1.0.1","1.0.1","git+https://github.com/jrburke/amdefine.git","2016-11-02T05:00:51.414Z","jrburke (jrburke@gmail.com)","-","BSD-3-Clause OR MIT",true,false,false,false,false,"source-map@0.1.43"
"ansi-regex","5.0.1","6.0.1","git+https://github.com/chalk/ansi-regex.git","2021-09-14T15:55:19.540Z","qix (josh@junon.me)",5609,"MIT",true,false,false,false,false,"strip-ansi@6.0.1"
"ansi-styles","1.0.0","-","-","-","-","-","-",false,true,false,false,false,"chalk@0.4.0"
"aproba","2.0.0","2.0.0","git+https://github.com/iarna/aproba.git","2018-05-22T21:29:46.504Z","iarna (me@re-becca.org)",8047,"ISC",true,false,false,false,false,"gauge@3.0.2"
"are-we-there-yet","2.0.0","4.0.0","git+https://github.com/npm/are-we-there-yet.git","2021-09-02T14:27:09.143Z","gar (gar+npm@danger.computer)",14102,"ISC",true,false,false,false,false,"npmlog@5.0.1"
"readable-stream","3.6.0","4.3.0","git://github.com/nodejs/readable-stream.git","2020-02-13T19:42:05.463Z","matteo.collina (hello@matteocollina.com)",122295,"MIT",true,false,false,false,false,"are-we-there-yet@2.0.0"
"argparse","1.0.10","-","-","-","-","-","-",false,true,false,false,false,"js-yaml@3.14.1"
"array-flatten","1.1.1","3.0.0","git://github.com/blakeembrey/array-flatten.git","2015-07-09T21:42:55.619Z","blakeembrey (hello@blakeembrey.com)","-","MIT",true,false,false,false,false,"express@4.16.4"
"asn1","0.2.6","-","-","-","-","-","-",false,true,false,false,false,"sshpk@1.17.0"
"assert-plus","1.0.0","-","-","-","-","-","-",false,true,false,false,false,"dashdash@1.14.1,getpass@0.1.7,http-signature@1.2.0,jsprim@1.4.2,sshpk@1.17.0,verror@1.10.0"
"asynckit","0.4.0","-","-","-","-","-","-",false,true,false,false,false,"form-data@2.3.3"
"aws-sign2","0.7.0","-","-","-","-","-","-",false,true,false,false,false,"request@2.88.2"
"aws4","1.11.0","-","-","-","-","-","-",false,true,false,false,false,"request@2.88.2"
"balanced-match","1.0.2","2.0.0","git://github.com/juliangruber/balanced-match.git","2021-04-06T12:51:09.276Z","juliangruber (julian@juliangruber.com)",6939,"MIT",true,false,false,false,false,"brace-expansion@1.1.11"
"basic-auth","2.0.1","2.0.1","git+https://github.com/jshttp/basic-auth.git","2018-09-20T03:26:02.582Z","dougwilson (doug@somethingdoug.com)",8895,"MIT",true,false,false,false,false,"morgan@1.9.1"
"bcrypt","5.0.1","5.1.0","git+https://github.com/kelektiv/node.bcrypt.js.git","2021-02-26T04:59:28.540Z","amitosh (amitosh.swain@gmail.com)",118561,"MIT",true,false,false,false,false,"react@0.0.0"
"bcrypt-pbkdf","1.0.2","-","-","-","-","-","-",false,true,false,false,false,"sshpk@1.17.0"
"bl","2.2.1","6.0.0","git+https://github.com/rvagg/bl.git","2020-08-26T08:25:29.499Z","matteo.collina (hello@matteocollina.com)",59298,"MIT",true,false,false,false,false,"mongodb@3.7.3"
"bluebird","3.5.1","3.7.2","git://github.com/petkaantonov/bluebird.git","2017-10-04T15:51:10.050Z","esailija (petka_antonov@hotmail.com)","-","MIT",true,false,false,false,false,"mquery@3.2.5"
"body-parser","1.18.3","1.20.2","git+https://github.com/expressjs/body-parser.git","2018-05-14T17:16:32.445Z","dougwilson (doug@somethingdoug.com)",55897,"MIT",true,false,false,false,false,"express@4.16.4"
"brace-expansion","1.1.11","2.0.1","git://github.com/juliangruber/brace-expansion.git","2018-02-10T07:42:22.313Z","juliangruber (julian@juliangruber.com)",11059,"MIT",true,false,false,false,false,"minimatch@3.1.2"
"bson","1.1.6","5.0.1","git+https://github.com/mongodb/js-bson.git","2021-03-16T14:40:51.648Z","nbbeeken (neal.beeken@mongodb.com)",774595,"Apache-2.0",true,false,false,false,false,"mongodb@3.7.3,mongoose@5.13.14"
"buffer-equal-constant-time","1.0.1","1.0.1","git@github.com:goinstant/buffer-equal-constant-time.git","2013-12-16T20:12:17.799Z","goinstant (support@goinstant.com)","-","BSD-3-Clause",true,false,false,false,false,"jwa@1.4.1"
"busboy","1.6.0","1.6.0","git+ssh://git@github.com/mscdex/busboy.git","2022-04-19T12:53:31.121Z","mscdex (mscdex@mscdex.net)",124397,"MIT",true,false,false,false,false,"express-fileupload@1.4.0"
"bytes","3.0.0","3.1.2","git+https://github.com/visionmedia/bytes.js.git","2017-08-31T21:52:45.175Z","dougwilson (doug@somethingdoug.com)","-","MIT",true,false,false,false,false,"body-parser@1.18.3,raw-body@2.3.3"
"caseless","0.12.0","-","-","-","-","-","-",false,true,false,false,false,"request@2.88.2"
"chalk","0.4.0","-","-","-","-","-","-",false,true,false,false,false,"update-notifier@0.1.10"
"strip-ansi","0.1.1","-","-","-","-","-","-",false,true,false,false,false,"chalk@0.4.0"
"character-parser","1.2.1","4.0.0","https://github.com/ForbesLindesay/character-parser.git","2014-07-16T12:27:19.082Z","forbeslindesay (forbes@lindeay.co.uk)","-","MIT",true,false,false,false,false,"jade@1.9.2"
"chownr","2.0.0","2.0.0","git://github.com/isaacs/chownr.git","2020-02-12T02:33:07.865Z","isaacs (i@izs.me)",5748,"ISC",true,false,false,false,false,"tar@6.1.11"
"color-support","1.1.3","1.1.3","git+https://github.com/isaacs/color-support.git","2017-06-06T20:40:54.019Z","isaacs (i@izs.me)","-","ISC",true,false,false,false,false,"gauge@3.0.2"
"combined-stream","1.0.8","-","-","-","-","-","-",false,true,false,false,false,"form-data@2.3.3,request@2.88.2"
"commander","2.6.0","10.0.0","https://github.com/tj/commander.js.git","2014-12-29T16:16:14.148Z","zhiyelee (zhiyelee@gmail.com)","-","MIT",true,false,false,false,false,"jade@1.9.2"
"concat-map","0.0.1","0.0.2","git://github.com/substack/node-concat-map.git","2014-01-30T03:06:35.982Z","substack (mail@substack.net)","-","MIT",true,false,false,false,false,"brace-expansion@1.1.11"
"configstore","0.3.2","-","-","-","-","-","-",false,true,false,false,false,"update-notifier@0.1.10"
"object-assign","2.1.1","-","-","-","-","-","-",false,true,false,false,false,"configstore@0.3.2"
"console-control-strings","1.1.0","1.1.0","git+https://github.com/iarna/console-control-strings.git","2016-06-15T23:29:58.743Z","iarna (me@re-becca.org)","-","ISC",true,false,false,false,false,"gauge@3.0.2,npmlog@5.0.1"
"constantinople","3.0.2","4.0.1","https://github.com/ForbesLindesay/constantinople.git","2015-07-21T17:13:27.422Z","forbeslindesay (forbes@lindesay.co.uk)","-","MIT",true,false,false,false,false,"jade@1.9.2"
"content-disposition","0.5.2","0.5.4","git+https://github.com/jshttp/content-disposition.git","2016-12-09T01:17:05.156Z","dougwilson (doug@somethingdoug.com)","-","MIT",true,false,false,false,false,"express@4.16.4"
"content-type","1.0.4","1.0.5","git+https://github.com/jshttp/content-type.git","2017-09-11T21:42:36.476Z","dougwilson (doug@somethingdoug.com)","-","MIT",true,false,false,false,false,"body-parser@1.18.3,express@4.16.4"
"cookie","0.3.1","0.5.0","https://github.com/jshttp/cookie","2016-05-27T04:32:39.156Z","dougwilson (doug@somethingdoug.com)","-","MIT",true,false,false,false,false,"cookie-parser@1.4.4,express@4.16.4"
"cookie-parser","1.4.4","1.4.6","git+https://github.com/expressjs/cookie-parser.git","2019-02-13T00:43:33.732Z","dougwilson (doug@somethingdoug.com)",11188,"MIT",true,false,false,false,false,"react@0.0.0"
"cookie-signature","1.0.6","1.2.1","https://github.com/visionmedia/node-cookie-signature.git","2015-02-03T22:23:15.095Z","natevw (natevw@yahoo.com)","-","MIT",true,false,false,false,false,"cookie-parser@1.4.4,express@4.16.4"
"core-util-is","1.0.3","1.0.3","git://github.com/isaacs/core-util-is.git","2021-08-31T14:35:36.995Z","isaacs (i@izs.me)",4982,"MIT",true,false,false,false,false,"readable-stream@2.3.7"
"css","1.0.8","3.0.0","git+https://github.com/reworkcss/css.git","2013-03-15T15:33:45.189Z","tjholowaychuk (tj@vision-media.ca)","-","MIT",true,false,false,false,false,"transformers@2.1.0"
"css-parse","1.0.4","2.0.0","https://github.com/reworkcss/css-parse.git","2012-09-17T18:44:10.126Z","tjholowaychuk (tj@vision-media.ca)","-","MIT",true,false,false,false,false,"css@1.0.8"
"css-stringify","1.0.5","2.0.0","https://github.com/reworkcss/css-stringify.git","2013-03-15T15:32:36.290Z","tjholowaychuk (tj@vision-media.ca)","-","MIT",true,false,false,false,false,"css@1.0.8"
"dashdash","1.14.1","-","-","-","-","-","-",false,true,false,false,false,"sshpk@1.17.0"
"debug","2.6.9","4.3.4","git://github.com/visionmedia/debug.git","2017-09-22T13:32:35.541Z","tootallnate (nathan@tootallnate.net)","-","MIT",true,false,false,false,false,"react@0.0.0,body-parser@1.18.3,express@4.16.4,finalhandler@1.1.1,morgan@1.9.1,send@0.16.2"
"delayed-stream","1.0.0","-","-","-","-","-","-",false,true,false,false,false,"combined-stream@1.0.8"
"delegates","1.0.0","1.0.0","git+https://github.com/visionmedia/node-delegates.git","2015-12-14T19:56:09.247Z","tjholowaychuk (tj@vision-media.ca)","-","MIT",true,false,false,false,false,"are-we-there-yet@2.0.0"
"denque","1.5.1","2.1.0","git+https://github.com/invertase/denque.git","2021-08-18T16:04:02.889Z","salakar (mike.diarmid@gmail.com)",17460,"Apache-2.0",true,false,false,false,false,"mongodb@3.7.3"
"depd","1.1.2","2.0.0","git+https://github.com/dougwilson/nodejs-depd.git","2018-01-12T05:47:03.858Z","dougwilson (doug@somethingdoug.com)","-","MIT",true,false,false,false,false,"body-parser@1.18.3,express@4.16.4,http-errors@1.6.3,morgan@1.9.1,send@0.16.2"
"destroy","1.0.4","1.2.0","https://github.com/stream-utils/destroy","2016-01-16T03:14:05.899Z","dougwilson (doug@somethingdoug.com)","-","MIT",true,false,false,false,false,"send@0.16.2"
"detect-libc","2.0.1","2.0.1","git://github.com/lovell/detect-libc.git","2022-02-14T10:44:10.231Z","lovell (npm@lovell.info)",19878,"Apache-2.0",true,false,false,false,false,"@mapbox/node-pre-gyp@1.0.9"
"dotenv","8.2.0","16.0.3","git://github.com/motdotla/dotenv.git","2019-10-16T01:50:46.096Z","maxbeatty (npm@maxbeatty.com)",23061,"BSD-2-Clause",true,false,false,false,false,"react@0.0.0"
"ecc-jsbn","0.1.2","-","-","-","-","-","-",false,true,false,false,false,"sshpk@1.17.0"
"ecdsa-sig-formatter","1.0.11","1.0.11","git+ssh://git@github.com/Brightspace/node-ecdsa-sig-formatter.git","2019-01-25T21:32:13.447Z","d2l-travis-deploy (d2ltravisdeploy@d2l.com)",20588,"Apache-2.0",true,false,false,false,false,"jwa@1.4.1"
"ee-first","1.1.1","1.1.1","https://github.com/jonathanong/ee-first","2015-05-25T19:18:28.732Z","dougwilson (doug@somethingdoug.com)","-","MIT",true,false,false,false,false,"on-finished@2.3.0"
"emoji-regex","8.0.0","10.2.1","git+https://github.com/mathiasbynens/emoji-regex.git","2019-03-05T18:58:23.040Z","mathias (mathias@qiwi.be)",48255,"MIT",true,false,false,false,false,"string-width@4.2.3"
"encodeurl","1.0.2","1.0.2","git+https://github.com/pillarjs/encodeurl.git","2018-01-22T03:19:29.733Z","dougwilson (doug@somethingdoug.com)","-","MIT",true,false,false,false,false,"express@4.16.4,finalhandler@1.1.1,send@0.16.2,serve-static@1.13.2"
"escape-html","1.0.3","1.0.3","https://github.com/component/escape-html","2015-09-01T04:47:22.713Z","dougwilson (doug@somethingdoug.com)","-","MIT",true,false,false,false,false,"express@4.16.4,finalhandler@1.1.1,send@0.16.2,serve-static@1.13.2"
"esprima","4.0.1","-","-","-","-","-","-",false,true,false,false,false,"js-yaml@3.14.1"
"etag","1.8.1","1.8.1","git+https://github.com/jshttp/etag.git","2017-09-13T02:43:44.422Z","dougwilson (doug@somethingdoug.com)","-","MIT",true,false,false,false,false,"express@4.16.4,send@0.16.2"
"event-stream","0.5.3","-","-","-","-","-","-",false,true,false,false,false,"ps-tree@0.0.3"
"optimist","0.2.8","-","-","-","-","-","-",false,true,false,false,false,"event-stream@0.5.3"
"express","4.16.4","4.18.2","git+https://github.com/expressjs/express.git","2018-10-11T03:59:14.308Z","dougwilson (doug@somethingdoug.com)",206123,"MIT",true,false,false,false,false,"react@0.0.0"
"express-fileupload","1.4.0","1.4.0","git+https://github.com/richardgirges/express-fileupload.git","2022-05-24T01:09:19.569Z","richardgirges (richardgirges@gmail.com)",1218809,"MIT",true,false,false,false,false,"react@0.0.0"
"extend","3.0.2","-","-","-","-","-","-",false,true,false,false,false,"request@2.88.2"
"extsprintf","1.3.0","-","-","-","-","-","-",false,true,false,false,false,"jsprim@1.4.2,verror@1.10.0"
"fast-deep-equal","3.1.3","-","-","-","-","-","-",false,true,false,false,false,"ajv@6.12.6"
"fast-json-stable-stringify","2.1.0","-","-","-","-","-","-",false,true,false,false,false,"ajv@6.12.6"
"finalhandler","1.1.1","1.2.0","git+https://github.com/pillarjs/finalhandler.git","2018-03-06T17:36:44.075Z","dougwilson (doug@somethingdoug.com)",16905,"MIT",true,false,false,false,false,"express@4.16.4"
"forever-agent","0.6.1","-","-","-","-","-","-",false,true,false,false,false,"request@2.88.2"
"form-data","2.3.3","-","-","-","-","-","-",false,true,false,false,false,"request@2.88.2"
"forwarded","0.1.2","0.2.0","git+https://github.com/jshttp/forwarded.git","2017-09-15T02:17:54.232Z","dougwilson (doug@somethingdoug.com)","-","MIT",true,false,false,false,false,"proxy-addr@2.0.5"
"fresh","0.5.2","0.5.2","git+https://github.com/jshttp/fresh.git","2017-09-14T05:03:12.205Z","dougwilson (doug@somethingdoug.com)","-","MIT",true,false,false,false,false,"express@4.16.4,send@0.16.2"
"fs-minipass","2.1.0","3.0.1","git+https://github.com/npm/fs-minipass.git","2020-01-21T17:39:07.791Z","isaacs (i@izs.me)",14089,"ISC",true,false,false,false,false,"tar@6.1.11"
"fs.realpath","1.0.0","1.0.0","git+https://github.com/isaacs/fs.realpath.git","2016-06-15T18:39:05.978Z","isaacs (i@izs.me)","-","ISC",true,false,false,false,false,"glob@7.2.3"
"gauge","3.0.2","5.0.0","git+https://github.com/iarna/gauge.git","2021-12-13T18:42:42.713Z","gar (gar+npm@danger.computer)",48549,"ISC",true,false,false,false,false,"npmlog@5.0.1"
"getpass","0.1.7","-","-","-","-","-","-",false,true,false,false,false,"sshpk@1.17.0"
"glob","7.2.3","9.2.1","git://github.com/isaacs/node-glob.git","2022-05-15T14:44:04.854Z","isaacs (i@izs.me)",55064,"ISC",true,false,false,false,false,"rimraf@3.0.2"
"minimatch","3.1.2","7.4.2","git://github.com/isaacs/minimatch.git","2022-02-15T20:32:43.510Z","isaacs (i@izs.me)",34902,"ISC",true,false,false,false,false,"glob@7.2.3"
"graceful-fs","3.0.12","-","-","-","-","-","-",false,true,false,false,false,"configstore@0.3.2"
"har-schema","2.0.0","-","-","-","-","-","-",false,true,false,false,false,"har-validator@5.1.5"
"har-validator","5.1.5","-","-","-","-","-","-",false,true,false,false,false,"request@2.88.2"
"has-color","0.1.7","-","-","-","-","-","-",false,true,false,false,false,"chalk@0.4.0"
"has-unicode","2.0.1","2.0.1","git+https://github.com/iarna/has-unicode.git","2016-06-23T22:10:28.872Z","iarna (me@re-becca.org)","-","ISC",true,false,false,false,false,"gauge@3.0.2"
"http-errors","1.6.3","2.0.0","git+https://github.com/jshttp/http-errors.git","2018-03-29T20:29:06.751Z","dougwilson (doug@somethingdoug.com)",15829,"MIT",true,false,false,false,false,"react@0.0.0,body-parser@1.18.3,raw-body@2.3.3,send@0.16.2"
"http-signature","1.2.0","-","-","-","-","-","-",false,true,false,false,false,"request@2.88.2"
"https-proxy-agent","5.0.1","5.0.1","git://github.com/TooTallNate/node-https-proxy-agent.git","2022-04-14T18:42:00.761Z","tootallnate (nathan@tootallnate.net)",26008,"MIT",true,false,false,false,false,"@mapbox/node-pre-gyp@1.0.9"
"iconv-lite","0.4.23","0.6.3","git://github.com/ashtuchkin/iconv-lite.git","2018-05-07T22:22:24.294Z","ashtuchkin (ashtuchkin@gmail.com)",335778,"MIT",true,false,false,false,false,"body-parser@1.18.3,raw-body@2.3.3"
"inflight","1.0.6","1.0.6","git+https://github.com/npm/inflight.git","2016-10-13T03:53:29.524Z","isaacs (i@izs.me)","-","ISC",true,false,false,false,false,"glob@7.2.3"
"inherits","2.0.3","2.0.4","git://github.com/isaacs/inherits.git","2016-09-08T00:49:38.520Z","isaacs (i@izs.me)","-","ISC",true,false,false,false,false,"readable-stream@2.3.7,glob@7.2.3,http-errors@1.6.3"
"ipaddr.js","1.9.0","2.0.1","git://github.com/whitequark/ipaddr.js.git","2019-02-10T07:51:21.736Z","whitequark (whitequark@whitequark.org)",42064,"MIT",true,false,false,false,false,"proxy-addr@2.0.5"
"is-fullwidth-code-point","3.0.0","4.0.0","git+https://github.com/sindresorhus/is-fullwidth-code-point.git","2019-03-18T08:09:05.035Z","sindresorhus (sindresorhus@gmail.com)",4994,"MIT",true,false,false,false,false,"string-width@4.2.3"
"is-typedarray","1.0.0","-","-","-","-","-","-",false,true,false,false,false,"request@2.88.2"
"isarray","1.0.0","2.0.5","git://github.com/juliangruber/isarray.git","2015-12-10T10:05:07.067Z","juliangruber (julian@juliangruber.com)","-","MIT",true,false,false,false,false,"readable-stream@2.3.7"
"isstream","0.1.2","-","-","-","-","-","-",false,true,false,false,false,"request@2.88.2"
"jade","1.9.2","1.11.0","git://github.com/jadejs/jade","2015-02-06T14:22:35.030Z","forbeslindesay (forbes@lindesay.co.uk)","-","MIT",true,false,false,false,false,"react@0.0.0"
"js-yaml","3.14.1","-","-","-","-","-","-",false,true,false,false,false,"configstore@0.3.2"
"jsbn","0.1.1","-","-","-","-","-","-",false,true,false,false,false,"ecc-jsbn@0.1.2,sshpk@1.17.0"
"json-schema","0.4.0","-","-","-","-","-","-",false,true,false,false,false,"jsprim@1.4.2"
"json-schema-traverse","0.4.1","-","-","-","-","-","-",false,true,false,false,false,"ajv@6.12.6"
"json-stringify-safe","5.0.1","-","-","-","-","-","-",false,true,false,false,false,"request@2.88.2"
"jsonwebtoken","8.5.1","9.0.0","git+https://github.com/auth0/node-jsonwebtoken.git","2019-03-18T12:07:37.715Z","ziluvatar (eduardo.diaz@auth0.com)",73903,"MIT",true,false,false,false,false,"react@0.0.0"
"jsprim","1.4.2","-","-","-","-","-","-",false,true,false,false,false,"http-signature@1.2.0"
"jwa","1.4.1","2.0.0","git://github.com/brianloveswords/node-jwa.git","2019-03-16T15:19:55.038Z","omsmith (owen@omsmith.ca)",13688,"MIT",true,false,false,false,false,"jws@3.2.2"
"jws","3.2.2","4.0.0","git://github.com/brianloveswords/node-jws.git","2019-03-16T15:26:17.735Z","omsmith (owen@omsmith.ca)",17682,"MIT",true,false,false,false,false,"jsonwebtoken@8.5.1"
"kareem","2.3.2","2.5.1","git://github.com/vkarpov15/kareem.git","2020-12-08T15:43:33.667Z","vkarpov15 (val@karpov.io)",100929,"Apache-2.0",true,false,false,false,false,"mongoose@5.13.14"
"lodash.includes","4.3.0","4.3.0","git+https://github.com/lodash/lodash.git","2016-08-13T17:39:40.778Z","jdalton (john.david.dalton@gmail.com)","-","MIT",true,false,false,false,false,"jsonwebtoken@8.5.1"
"lodash.isboolean","3.0.3","3.0.3","git+https://github.com/lodash/lodash.git","2016-02-03T07:28:20.290Z","jdalton (john.david.dalton@gmail.com)","-","MIT",true,false,false,false,false,"jsonwebtoken@8.5.1"
"lodash.isinteger","4.0.4","4.0.4","git+https://github.com/lodash/lodash.git","2016-08-13T17:40:41.538Z","jdalton (john.david.dalton@gmail.com)","-","MIT",true,false,false,false,false,"jsonwebtoken@8.5.1"
"lodash.isnumber","3.0.3","3.0.3","git+https://github.com/lodash/lodash.git","2016-02-03T07:28:49.514Z","jdalton (john.david.dalton@gmail.com)","-","MIT",true,false,false,false,false,"jsonwebtoken@8.5.1"
"lodash.isplainobject","4.0.6","4.0.6","git+https://github.com/lodash/lodash.git","2016-08-13T17:41:07.730Z","jdalton (john.david.dalton@gmail.com)","-","MIT",true,false,false,false,false,"jsonwebtoken@8.5.1"
"lodash.isstring","4.0.1","4.0.1","git+https://github.com/lodash/lodash.git","2016-02-03T07:28:59.695Z","jdalton (john.david.dalton@gmail.com)","-","MIT",true,false,false,false,false,"jsonwebtoken@8.5.1"
"lodash.once","4.1.1","4.1.1","git+https://github.com/lodash/lodash.git","2016-08-13T17:42:47.106Z","jdalton (john.david.dalton@gmail.com)","-","MIT",true,false,false,false,false,"jsonwebtoken@8.5.1"
"lru-cache","2.7.3","-","-","-","-","-","-",false,true,false,false,false,"minimatch@0.3.0"
"make-dir","3.1.0","3.1.0","git+https://github.com/sindresorhus/make-dir.git","2020-04-22T14:59:14.524Z","sindresorhus (sindresorhus@gmail.com)",10042,"MIT",true,false,false,false,false,"@mapbox/node-pre-gyp@1.0.9"
"semver","6.3.0","7.3.8","git+https://github.com/npm/node-semver.git","2019-07-23T19:25:26.568Z","isaacs (i@izs.me)",67071,"ISC",true,false,false,false,false,"make-dir@3.1.0"
"media-typer","0.3.0","1.1.0","https://github.com/jshttp/media-typer","2014-09-08T04:32:24.363Z","dougwilson (doug@somethingdoug.com)","-","MIT",true,false,false,false,false,"type-is@1.6.18"
"memory-pager","1.5.0","1.5.0","git+https://github.com/mafintosh/memory-pager.git","2019-01-09T15:38:24.901Z","mafintosh (mathiasbuus@gmail.com)",8135,"MIT",true,false,true,false,false,"sparse-bitfield@3.0.3"
"merge-descriptors","1.0.1","1.0.1","https://github.com/component/merge-descriptors","2016-01-17T23:50:26.636Z","dougwilson (doug@somethingdoug.com)","-","MIT",true,false,false,false,false,"express@4.16.4"
"methods","1.1.2","1.1.2","https://github.com/jshttp/methods","2016-01-18T02:53:56.364Z","dougwilson (doug@somethingdoug.com)","-","MIT",true,false,false,false,false,"express@4.16.4"
"mime","1.4.1","3.0.0","git+https://github.com/broofa/node-mime.git","2017-09-25T18:38:29.492Z","broofa (robert@broofa.com)","-","MIT",true,false,false,false,false,"send@0.16.2"
"mime-db","1.43.0","1.52.0","git+https://github.com/jshttp/mime-db.git","2020-01-06T03:24:37.942Z","dougwilson (doug@somethingdoug.com)",193844,"MIT",true,false,false,false,false,"mime-types@2.1.26"
"mime-types","2.1.26","2.1.35","git+https://github.com/jshttp/mime-types.git","2020-01-06T03:47:55.198Z","dougwilson (doug@somethingdoug.com)",16332,"MIT",true,true,false,false,false,"accepts@1.3.7,form-data@2.3.3,request@2.88.2,type-is@1.6.18"
"minimatch","0.3.0","-","-","-","-","-","-",false,true,false,false,false,"nodemon@1.3.3"
"minimist","1.2.6","1.2.8","git://github.com/substack/minimist.git","2022-03-22T02:50:30.352Z","substack (substack@gmail.com)",33202,"MIT",true,false,false,false,false,"mkdirp@0.5.6"
"minipass","3.3.3","4.2.4","git+https://github.com/isaacs/minipass.git","2022-06-20T03:38:50.485Z","isaacs (i@izs.me)",47855,"ISC",true,false,false,false,false,"fs-minipass@2.1.0,minizlib@2.1.2,tar@6.1.11"
"minizlib","2.1.2","2.1.2","git+https://github.com/isaacs/minizlib.git","2020-08-14T22:42:53.986Z","isaacs (i@izs.me)",17309,"MIT",true,false,false,false,false,"tar@6.1.11"
"mkdirp","0.5.6","2.1.5","git+https://github.com/substack/node-mkdirp.git","2022-03-22T23:48:15.108Z","isaacs (i@izs.me)",7688,"MIT",true,true,false,false,false,"configstore@0.3.2,jade@1.9.2"
"mongodb","3.7.3","5.1.0","git+ssh://git@github.com/mongodb/node-mongodb-native.git","2021-10-20T17:38:02.535Z","nbbeeken (neal.beeken@mongodb.com)",1355769,"Apache-2.0",true,false,false,false,false,"mongoose@5.13.14"
"optional-require","1.1.8","1.1.8","git+https://github.com/jchip/optional-require.git","2021-09-22T06:14:16.500Z","jchip (joel123@gmail.com)",22664,"Apache-2.0",true,false,false,false,false,"mongodb@3.7.3"
"mongoose","5.13.14","7.0.0","git://github.com/Automattic/mongoose.git","2021-12-27T17:58:20.565Z","vkarpov15 (val@karpov.io)",1961881,"MIT",true,false,false,true,false,"react@0.0.0,mongoose-legacy-pluralize@1.0.2"
"mongoose-legacy-pluralize","1.0.2","2.0.0","git+https://github.com/vkarpov15/mongoose-legacy-pluralize.git","2018-01-28T23:36:14.896Z","vkarpov15 (val@karpov.io)","-","Apache-2.0",true,false,false,false,false,"mongoose@5.13.14"
"safe-buffer","5.2.1","5.2.1","git://github.com/feross/safe-buffer.git","2020-05-10T16:37:30.776Z","feross (feross@feross.org)",32101,"MIT",true,true,false,false,false,"bl@2.2.1,ecdsa-sig-formatter@1.0.11,jwa@1.4.1,jws@3.2.2,mongodb@3.7.3,mongoose@5.13.14,request@2.88.2,tunnel-agent@0.6.0"
"morgan","1.9.1","1.10.0","git+https://github.com/expressjs/morgan.git","2018-09-11T01:12:35.037Z","dougwilson (doug@somethingdoug.com)",28659,"MIT",true,false,false,false,false,"react@0.0.0"
"mpath","0.8.4","0.9.0","git://github.com/aheckmann/mpath.git","2021-09-01T15:15:17.027Z","vkarpov15 (val@karpov.io)",96297,"MIT",true,false,false,false,false,"mongoose@5.13.14"
"mquery","3.2.5","5.0.0","git://github.com/aheckmann/mquery.git","2021-03-29T14:55:20.817Z","vkarpov15 (val@karpov.io)",247562,"MIT",true,false,false,false,false,"mongoose@5.13.14"
"debug","3.1.0","4.3.4","git://github.com/visionmedia/debug.git","2017-09-26T19:13:51.492Z","tootallnate (nathan@tootallnate.net)","-","MIT",true,false,false,false,false,"mquery@3.2.5"
"ms","2.0.0","2.1.3","git+https://github.com/zeit/ms.git","2017-05-16T12:26:06.610Z","leo (leo@zeit.co)","-","MIT",true,false,false,false,false,"debug@3.1.0,send@0.16.2"
"natives","1.1.6","-","-","-","-","-","-",false,true,false,false,false,"graceful-fs@3.0.12"
"negotiator","0.6.2","0.6.3","git+https://github.com/jshttp/negotiator.git","2019-04-30T00:30:30.629Z","dougwilson (doug@somethingdoug.com)",28102,"MIT",true,false,false,false,false,"accepts@1.3.7"
"node-addon-api","3.2.1","6.0.0","git://github.com/nodejs/node-addon-api.git","2021-05-28T18:25:15.697Z","nicknaso (nicoladelgobbo@gmail.com)",420094,"MIT",true,false,false,false,false,"bcrypt@5.0.1"
"node-fetch","2.6.7","3.3.0","git+https://github.com/bitinn/node-fetch.git","2022-01-16T12:18:38.923Z","endless (jimmy@warting.se)",152240,"MIT",true,false,false,false,false,"@mapbox/node-pre-gyp@1.0.9"
"nodemon","1.3.3","-","-","-","-","-","-",false,true,false,false,false,"react@0.0.0"
"nopt","5.0.0","7.0.0","git+https://github.com/npm/nopt.git","2020-08-17T08:06:31.528Z","isaacs (i@izs.me)",25840,"ISC",true,false,false,false,false,"@mapbox/node-pre-gyp@1.0.9"
"npmlog","5.0.1","7.0.1","git+https://github.com/npm/npmlog.git","2021-09-02T14:33:09.109Z","gar (gar+npm@danger.computer)",16566,"ISC",true,false,false,false,false,"@mapbox/node-pre-gyp@1.0.9"
"oauth-sign","0.9.0","-","-","-","-","-","-",false,true,false,false,false,"request@2.88.2"
"object-assign","4.1.1","4.1.1","git+https://github.com/sindresorhus/object-assign.git","2017-01-16T15:35:15.282Z","sindresorhus (sindresorhus@gmail.com)","-","MIT",true,false,false,false,false,"gauge@3.0.2"
"on-finished","2.3.0","2.4.1","https://github.com/jshttp/on-finished","2015-05-27T01:58:14.758Z","dougwilson (doug@somethingdoug.com)","-","MIT",true,false,false,false,false,"body-parser@1.18.3,express@4.16.4,finalhandler@1.1.1,morgan@1.9.1,send@0.16.2"
"on-headers","1.0.2","1.0.2","git+https://github.com/jshttp/on-headers.git","2019-02-22T03:48:54.600Z","dougwilson (doug@somethingdoug.com)",7538,"MIT",true,false,false,false,false,"morgan@1.9.1"
"once","1.4.0","1.4.0","git://github.com/isaacs/once.git","2016-09-06T21:11:09.367Z","isaacs (i@izs.me)","-","ISC",true,false,false,false,false,"glob@7.2.3,inflight@1.0.6"
"optimist","0.3.7","0.6.1","http://github.com/substack/node-optimist.git","2013-04-04T04:09:40.361Z","substack (mail@substack.net)","-","MIT/X11",true,false,false,false,false,"uglify-js@2.2.5"
"optional-require","1.0.3","1.1.8","git+https://github.com/jchip/optional-require.git","2021-04-10T20:38:19.281Z","jchip (joel123@gmail.com)",7400,"Apache-2.0",true,false,false,false,false,"mongoose@5.13.14"
"os-homedir","1.0.2","-","-","-","-","-","-",false,true,false,false,false,"osenv@0.1.5"
"os-tmpdir","1.0.2","-","-","-","-","-","-",false,true,false,false,false,"osenv@0.1.5"
"osenv","0.1.5","-","-","-","-","-","-",false,true,false,false,false,"configstore@0.3.2"
"parseurl","1.3.3","1.3.3","git+https://github.com/pillarjs/parseurl.git","2019-04-16T04:16:26.547Z","dougwilson (doug@somethingdoug.com)",10299,"MIT",true,false,false,false,false,"express@4.16.4,finalhandler@1.1.1,serve-static@1.13.2"
"path-is-absolute","1.0.1","2.0.0","git+https://github.com/sindresorhus/path-is-absolute.git","2016-09-30T04:42:03.803Z","sindresorhus (sindresorhus@gmail.com)","-","MIT",true,false,false,false,false,"glob@7.2.3"
"path-to-regexp","0.1.7","6.2.1","git+https://github.com/component/path-to-regexp.git","2015-07-28T03:07:52.808Z","blakeembrey (hello@blakeembrey.com)","-","MIT",true,false,false,false,false,"express@4.16.4"
"performance-now","2.1.0","-","-","-","-","-","-",false,true,false,false,false,"request@2.88.2"
"process-nextick-args","2.0.1","2.0.1","git+https://github.com/calvinmetcalf/process-nextick-args.git","2019-06-19T20:34:39.252Z","cwmma (calvin.metcalf@gmail.com)",3175,"MIT",true,false,false,false,false,"readable-stream@2.3.7"
"proxy-addr","2.0.5","2.0.7","git+https://github.com/jshttp/proxy-addr.git","2019-04-16T16:29:44.431Z","dougwilson (doug@somethingdoug.com)",15475,"MIT",true,false,false,false,false,"express@4.16.4"
"ps-tree","0.0.3","-","-","-","-","-","-",false,true,false,false,false,"nodemon@1.3.3"
"psl","1.8.0","-","-","-","-","-","-",false,true,false,false,false,"tough-cookie@2.5.0"
"punycode","2.1.1","-","-","-","-","-","-",false,true,false,false,false,"tough-cookie@2.5.0,uri-js@4.4.1"
"qs","6.5.2","6.11.0","git+https://github.com/ljharb/qs.git","2018-05-04T06:06:13.890Z","ljharb (ljharb@gmail.com)",114127,"BSD-3-Clause",true,true,false,false,false,"body-parser@1.18.3,express@4.16.4,request@2.88.2"
"range-parser","1.2.1","1.2.1","git+https://github.com/jshttp/range-parser.git","2019-05-11T00:27:37.805Z","dougwilson (doug@somethingdoug.com)",8457,"MIT",true,false,false,false,false,"express@4.16.4,send@0.16.2"
"raw-body","2.3.3","2.5.2","git+https://github.com/stream-utils/raw-body.git","2018-05-08T15:39:36.374Z","dougwilson (doug@somethingdoug.com)",22411,"MIT",true,false,false,false,false,"body-parser@1.18.3"
"readable-stream","2.3.7","4.3.0","git://github.com/nodejs/readable-stream.git","2020-01-05T17:13:39.106Z","matteo.collina (hello@matteocollina.com)",87719,"MIT",true,false,false,false,false,"bl@2.2.1"
"regexp-clone","1.0.0","1.0.0","git://github.com/aheckmann/regexp-clone.git","2019-06-07T16:16:23.962Z","aaron (aaron.heckmann+github@gmail.com)",7395,"MIT",true,false,false,false,false,"mongoose@5.13.14,mquery@3.2.5"
"request","2.88.2","-","-","-","-","-","-",false,true,false,false,false,"update-notifier@0.1.10"
"uuid","3.4.0","-","-","-","-","-","-",false,true,false,false,false,"request@2.88.2"
"require-at","1.0.6","1.0.6","git+https://github.com/jchip/require-at.git","2020-11-28T08:32:13.440Z","jchip (joel123@gmail.com)",5882,"Apache-2.0",true,false,false,false,false,"optional-require@1.1.8"
"rimraf","3.0.2","4.3.0","git://github.com/isaacs/rimraf.git","2020-02-09T06:18:37.504Z","isaacs (i@izs.me)",17327,"ISC",true,false,false,false,false,"@mapbox/node-pre-gyp@1.0.9"
"safe-buffer","5.1.2","5.2.1","git://github.com/feross/safe-buffer.git","2018-04-25T20:10:24.706Z","feross (feross@feross.org)",31686,"MIT",true,false,false,false,false,"basic-auth@2.0.1,express@4.16.4,mquery@3.2.5,readable-stream@2.3.7,string_decoder@1.1.1"
"safer-buffer","2.1.2","2.1.2","git+https://github.com/ChALkeR/safer-buffer.git","2018-04-08T10:42:42.130Z","chalker (chalkerx@gmail.com)",42299,"MIT",true,true,false,false,false,"asn1@0.2.6,ecc-jsbn@0.1.2,iconv-lite@0.4.23,sshpk@1.17.0"
"saslprep","1.0.3","1.0.3","git+https://github.com/reklatsmasters/saslprep.git","2019-05-01T01:41:24.631Z","reklatsmasters (me@reklatsmasters.com)",457546,"MIT",true,false,true,false,false,"mongodb@3.7.3"
"semver","5.7.1","7.3.8","git+https://github.com/npm/node-semver.git","2019-08-12T16:28:15.053Z","isaacs (i@izs.me)",61578,"ISC",true,false,false,false,false,"jsonwebtoken@8.5.1"
"send","0.16.2","0.18.0","git+https://github.com/pillarjs/send.git","2018-02-07T16:26:27.070Z","dougwilson (doug@somethingdoug.com)",46571,"MIT",true,false,false,false,false,"express@4.16.4,serve-static@1.13.2"
"serve-static","1.13.2","1.15.0","git+https://github.com/expressjs/serve-static.git","2018-02-07T18:38:40.596Z","dougwilson (doug@somethingdoug.com)",24364,"MIT",true,false,false,false,false,"express@4.16.4"
"set-blocking","2.0.0","2.0.0","git+https://github.com/yargs/set-blocking.git","2016-05-17T22:59:27.619Z","bcoe (ben@npmjs.com)","-","ISC",true,false,false,false,false,"npmlog@5.0.1"
"setprototypeof","1.1.0","1.2.0","git+https://github.com/wesleytodd/setprototypeof.git","2017-09-13T23:50:24.119Z","wesleytodd (wes@wesleytodd.com)","-","ISC",true,false,false,false,false,"express@4.16.4,http-errors@1.6.3"
"sift","13.5.2","17.0.1","git+https://github.com/crcn/sift.js.git","2021-04-23T08:16:04.963Z","crcn (craig.j.condon@gmail.com)",267024,"MIT",true,false,false,false,false,"mongoose@5.13.14"
"sigmund","1.0.1","-","-","-","-","-","-",false,true,false,false,false,"minimatch@0.3.0"
"signal-exit","3.0.7","3.0.7","git+https://github.com/tapjs/signal-exit.git","2022-02-03T21:05:34.544Z","isaacs (i@izs.me)",9958,"ISC",true,false,false,false,false,"gauge@3.0.2"
"sliced","1.0.1","1.0.1","git://github.com/aheckmann/sliced","2015-07-14T23:58:24.818Z","aaron (aaron.heckmann+github@gmail.com)","-","MIT",true,false,false,false,false,"mongoose@5.13.14,mquery@3.2.5"
"source-map","0.1.43","0.7.4","http://github.com/mozilla/source-map.git","2015-01-08T18:25:06.813Z","nickfitzgerald (fitzgen@gmail.com)","-","BSD-3-Clause",true,false,false,false,false,"uglify-js@2.2.5"
"sparse-bitfield","3.0.3","3.0.3","git+https://github.com/mafintosh/sparse-bitfield.git","2017-03-05T00:17:45.769Z","mafintosh (mathiasbuus@gmail.com)","-","MIT",true,false,true,false,false,"saslprep@1.0.3"
"sprintf-js","1.0.3","-","-","-","-","-","-",false,true,false,false,false,"argparse@1.0.10"
"sshpk","1.17.0","-","-","-","-","-","-",false,true,false,false,false,"http-signature@1.2.0"
"statuses","1.4.0","2.0.1","git+https://github.com/jshttp/statuses.git","2017-10-20T18:51:21.858Z","dougwilson (doug@somethingdoug.com)","-","MIT",true,false,false,false,false,"express@4.16.4,finalhandler@1.1.1,http-errors@1.6.3,send@0.16.2"
"streamsearch","1.1.0","1.1.0","git+ssh://git@github.com/mscdex/streamsearch.git","2021-12-19T19:12:20.627Z","mscdex (mscdex@mscdex.net)",16575,"MIT",true,false,false,false,false,"busboy@1.6.0"
"string_decoder","1.1.1","1.3.0","git://github.com/nodejs/string_decoder.git","2018-03-30T08:14:15.043Z","matteo.collina (hello@matteocollina.com)",15298,"MIT",true,false,false,false,false,"readable-stream@2.3.7"
"string-width","4.2.3","5.1.2","git+https://github.com/sindresorhus/string-width.git","2021-09-23T17:17:21.341Z","sindresorhus (sindresorhus@gmail.com)",5161,"MIT",true,false,false,false,false,"gauge@3.0.2,wide-align@1.1.5"
"strip-ansi","6.0.1","7.0.1","git+https://github.com/chalk/strip-ansi.git","2021-09-23T16:34:41.798Z","sindresorhus (sindresorhus@gmail.com)",4029,"MIT",true,false,false,false,false,"gauge@3.0.2,string-width@4.2.3"
"tar","6.1.11","6.1.13","git+https://github.com/npm/node-tar.git","2021-08-26T16:16:13.333Z","isaacs (i@izs.me)",160662,"ISC",true,false,false,false,false,"@mapbox/node-pre-gyp@1.0.9"
"mkdirp","1.0.4","2.1.5","git+https://github.com/isaacs/node-mkdirp.git","2020-04-03T17:03:08.825Z","isaacs (i@izs.me)",19088,"MIT",true,false,false,false,false,"tar@6.1.11"
"touch","0.0.4","-","-","-","-","-","-",false,true,false,false,false,"nodemon@1.3.3"
"nopt","1.0.10","-","-","-","-","-","-",false,true,false,false,false,"touch@0.0.4"
"tough-cookie","2.5.0","-","-","-","-","-","-",false,true,false,false,false,"request@2.88.2"
"tr46","0.0.3","4.1.0","git+https://github.com/Sebmaster/tr46.js.git","2016-01-20T02:08:54.875Z","sebmaster (sebmaster16@gmail.com)","-","MIT",true,false,false,false,false,"whatwg-url@5.0.0"
"transformers","2.1.0","3.1.0","https://github.com/ForbesLindesay/transformers.git","2013-07-13T00:11:25.066Z","forbeslindesay (forbes@lindesay.co.uk)","-","MIT",true,false,false,false,false,"jade@1.9.2"
"is-promise","1.0.1","4.0.0","https://github.com/then/is-promise.git","2014-05-20T13:38:55.043Z","forbeslindesay (forbes@lindeay.co.uk)","-","MIT",true,false,false,false,false,"promise@2.0.0"
"promise","2.0.0","8.3.0","https://github.com/then/promise.git","2013-03-05T02:32:42.544Z","forbeslindesay (forbes@lindesay.co.uk)","-","MIT",true,false,false,false,false,"transformers@2.1.0"
"tunnel-agent","0.6.0","-","-","-","-","-","-",false,true,false,false,false,"request@2.88.2"
"tweetnacl","0.14.5","-","-","-","-","-","-",false,true,false,false,false,"bcrypt-pbkdf@1.0.2,sshpk@1.17.0"
"type-is","1.6.18","1.6.18","git+https://github.com/jshttp/type-is.git","2019-04-26T13:59:49.224Z","dougwilson (doug@somethingdoug.com)",18497,"MIT",true,false,false,false,false,"body-parser@1.18.3,express@4.16.4"
"uglify-js","2.2.5","3.17.4","git+https://github.com/mishoo/UglifyJS.git","2013-02-14T10:50:15.455Z","mishoo (mihai.bazon@gmail.com)","-","BSD-2-Clause",true,false,false,false,false,"transformers@2.1.0"
"unpipe","1.0.0","1.0.0","https://github.com/stream-utils/unpipe","2015-06-14T20:30:19.934Z","dougwilson (doug@somethingdoug.com)","-","MIT",true,false,false,false,false,"finalhandler@1.1.1,raw-body@2.3.3"
"update-notifier","0.1.10","-","-","-","-","-","-",false,true,false,false,false,"nodemon@1.3.3"
"semver","2.3.2","-","-","-","-","-","-",false,true,false,false,false,"update-notifier@0.1.10"
"uri-js","4.4.1","-","-","-","-","-","-",false,true,false,false,false,"ajv@6.12.6"
"user-home","1.1.1","-","-","-","-","-","-",false,true,false,false,false,"configstore@0.3.2,xdg-basedir@1.0.1"
"util-deprecate","1.0.2","1.0.2","git://github.com/TooTallNate/util-deprecate.git","2015-10-07T18:37:40.665Z","tootallnate (nathan@tootallnate.net)","-","MIT",true,false,false,false,false,"readable-stream@2.3.7"
"utils-merge","1.0.1","1.0.1","git://github.com/jaredhanson/utils-merge.git","2017-09-20T00:18:39.692Z","jaredhanson (jaredhanson@gmail.com)","-","MIT",true,false,false,false,false,"express@4.16.4"
"uuid","2.0.3","-","-","-","-","-","-",false,true,false,false,false,"configstore@0.3.2"
"vary","1.1.2","1.1.2","git+https://github.com/jshttp/vary.git","2017-09-24T01:47:11.325Z","dougwilson (doug@somethingdoug.com)","-","MIT",true,false,false,false,false,"express@4.16.4"
"verror","1.10.0","-","-","-","-","-","-",false,true,false,false,false,"jsprim@1.4.2"
"core-util-is","1.0.2","-","-","-","-","-","-",false,true,false,false,false,"verror@1.10.0"
"void-elements","2.0.1","3.1.0","git://github.com/hemanth/void-elements","2015-01-28T03:46:50.519Z","hemanth (hemanth.hm@gmail.com)","-","MIT",true,false,false,false,false,"jade@1.9.2"
"webidl-conversions","3.0.1","7.0.0","git+https://github.com/jsdom/webidl-conversions.git","2016-01-04T06:08:05.108Z","sebmaster (sebmaster16@gmail.com)","-","BSD-2-Clause",true,false,false,false,false,"whatwg-url@5.0.0"
"whatwg-url","5.0.0","12.0.0","git+https://github.com/jsdom/whatwg-url.git","2017-05-26T20:56:41.955Z","domenic (d@domenic.me)","-","MIT",true,false,false,false,false,"node-fetch@2.6.7"
"wide-align","1.1.5","1.1.5","git+https://github.com/iarna/wide-align.git","2021-10-15T14:17:01.529Z","iarna (me@re-becca.org)",4467,"ISC",true,false,false,false,false,"gauge@3.0.2"
"with","4.0.3","7.0.2","https://github.com/ForbesLindesay/with.git","2015-04-06T21:17:47.492Z","forbeslindesay (forbes@lindesay.co.uk)","-","MIT",true,false,false,false,false,"jade@1.9.2"
"acorn","1.2.2","8.8.2","https://github.com/marijnh/acorn.git","2015-05-28T07:46:58.475Z","marijn (marijnh@gmail.com)","-","MIT",true,false,false,false,false,"with@4.0.3"
"wordwrap","0.0.3","1.0.0","git://github.com/substack/node-wordwrap.git","2015-05-07T17:04:58.219Z","substack (substack@gmail.com)","-","MIT",true,true,false,false,false,"optimist@0.3.7"
"wrappy","1.0.2","1.0.2","git+https://github.com/npm/wrappy.git","2016-05-17T23:30:52.415Z","zkat (kat@sykosomatic.org)","-","ISC",true,false,false,false,false,"inflight@1.0.6,once@1.4.0"
"xdg-basedir","1.0.1","-","-","-","-","-","-",false,true,false,false,false,"configstore@0.3.2"
"yallist","4.0.0","4.0.0","git+https://github.com/isaacs/yallist.git","2019-09-30T20:08:08.970Z","isaacs (i@izs.me)",14752,"ISC",true,false,false,false,false,"lru-cache@6.0.0,minipass@3.3.3,minizlib@2.1.2,tar@6.1.11"